Concurrency Level,Response Time (CPU1),Response Time (CPU2),Response Time (CPU4),Workflow
10,704.018,687.11,671.359,Workflow 1
50,808.31,734.57,713.211,Workflow 1
100,1029.029,737.846,721.117,Workflow 1
150,1768.119,771.729,743.591,Workflow 1
200,3024.78,808.964,813.188,Workflow 1
250,4364.11,867.716,891.225,Workflow 1
300,6028.26,896.044,917.128,Workflow 1
400,8036.44,1467.032,1107.677,Workflow 1
500,8902.13,3000.41,1211.988,Workflow 1
700,9705.00,6501.121,3000.107,Workflow 1
100,1521,1601,1444,Workflow 2
200,1787,1776,1578,Workflow 2
300,1899,1784,1526,Workflow 2
400,2411,2701,1802,Workflow 2
500,7442,7451,2026,Workflow 2
700,10008,9699,2643,Workflow 2
1000,16998,13664,7888,Workflow 2
