worker,cpu_millicores,cpu_percent,memory_bytes,memory_percent
master,3452.415112229329,28.015242339631225,6515,20
master,3408.8508427541738,27.49268874474004,6515,20
master,3254.4969012978468,26.839557642944243,6515,20
master,3425.725910952826,27.345848556304844,6515,20
master,3376.322121281614,26.986176587405904,6515,20
master,3355.921220119761,27.27530769824173,6515,20
master,3404.78826186129,29.44946726395649,6515,20
master,3270.3550181750493,25.821327838840133,6515,20
master,3318.5849342477986,29.387346255668493,6515,20
master,3445.5973763257316,27.139200863420495,6515,20
master,3331.720284774231,28.7736447934444,6515,20
master,3316.407395573486,28.180932733462765,6515,20
master,3364.8183582130137,28.818161963843494,6515,20
master,3410.4563615453226,26.76612529206629,6515,20
master,3340.3301874294684,26.209042352240896,6515,20
master,3409.508304094359,29.06420092014125,6515,20
master,3399.1460488512944,29.31820753365445,6515,20
master,3387.3701128366465,26.94375700385335,6515,20
master,3400.4679220336093,27.804204527034138,6515,20
master,3443.186875743513,27.109572196115074,6515,20
master,3360.874099878412,26.785215070829814,6515,20
master,3387.7306428840934,27.224263620975524,6515,20
master,3417.064160166704,26.29958471647253,6515,20
master,3366.2311276841046,29.42764543265088,6515,20
master,3368.244492559506,27.559834418389432,6515,20
master,3372.367588000691,28.45737121272641,6515,20
master,3403.498057470188,29.07722606978915,6515,20
master,3432.710778509282,26.18233786182039,6515,20
master,3435.530732407038,28.397351478066707,6515,20
master,3312.9428919315997,28.814815396290577,6515,20
master,3309.159964914462,25.03720876366776,6515,20
master,3341.458694200554,28.741726083936765,6515,20
master,3457.0645112983957,28.278993393306507,6515,20
master,3288.834827454652,29.17176481979876,6515,20
master,3337.3322428837796,29.03075191578943,6515,20
master,3375.406923462382,30.067542422439924,6515,20
master,3396.9659242386583,27.57481409836684,6515,20
master,3426.5159575544867,30.06220218518407,6515,20
master,3435.195352934409,26.46117822230578,6515,20
master,3409.8024449983586,27.284020476895368,6515,20
master,3440.560393477803,26.472421505896197,6515,20
master,3340.575955570968,28.58204476049191,6515,20
master,3407.531527113641,28.65906988403338,6515,20
master,3317.1700477223303,28.41370047925816,6515,20
master,3453.7054562394437,27.094735528804122,6515,20
master,3385.6414100622906,27.465317582293917,6515,20
master,3341.4731255923903,28.497290200884066,6515,20
master,3333.948675630606,29.792598867531176,6515,20
master,3422.4921174204073,28.89033566512654,6515,20
master,3417.467857341685,27.188742557035404,6515,20
master,3334.7474038581054,28.44851593764489,6515,20
master,3342.556560131156,26.785845891658305,6515,20
master,3500.891692507276,27.37147416084691,6515,20
master,3288.3282388372854,29.13943840798784,6515,20
master,3364.429239761923,28.86070381632211,6515,20
master,3404.438098353768,28.86820850150324,6515,20
master,3424.0801576575777,28.309109213302737,6515,20
master,3335.152955914202,27.77237289205395,6515,20
master,3369.2149266957854,28.096323320174598,6515,20
master,3376.728078563414,27.56668656729744,6515,20
master,3430.666639947456,27.046671341525528,6515,20
master,3352.9546020933253,28.326392994204294,6515,20
master,3385.4203006192633,26.39494144870801,6515,20
master,3386.973855386072,28.522984525302885,6515,20
master,3408.2186869737234,27.961065182796766,6515,20
master,3288.6726925396015,28.715541216984107,6515,20
master,3354.9004165370625,25.870001680740476,6515,20
master,3332.7239395870365,27.08952068486391,6515,20
master,3384.9296162728715,26.523072936511525,6515,20
master,3421.7879722981215,28.498646261721664,6515,20
master,3323.139675449702,27.059095855531627,6515,20
master,3383.6609887877544,27.375615770109054,6515,20
master,3298.95793171938,26.873688490284977,6515,20
master,3401.7030369502227,26.25453733896204,6515,20
master,3394.5542978032536,27.438738424036522,6515,20
master,3334.5307014399095,27.084261661916226,6515,20
master,3352.8207957848717,27.30674210480545,6515,20
master,3424.49773079009,27.73895349690929,6515,20
master,3303.6753311899984,30.377406885650615,6515,20
master,3408.5784943359804,27.972682865389647,6515,20
master,3416.379716610193,28.31656209187941,6515,20
master,3323.1263973721075,27.5173202711424,6515,20
master,3393.751049160055,28.365128634828533,6515,20
master,3292.013357668672,27.490288525495767,6515,20
master,3434.4000154647815,26.288877291785784,6515,20
master,3304.9579162399714,27.443160183055223,6515,20
master,3306.172721473406,27.13898558072596,6515,20
master,3394.9464331512854,28.384095291561263,6515,20
master,3253.579038616361,29.09305980511291,6515,20
master,3242.2390612352565,28.849475977028824,6515,20
master,3428.6109905386556,29.28290864827166,6515,20
master,3322.708293169379,27.481684849905122,6515,20
master,3408.3194108069074,28.6754265738259,6515,20
master,3340.3240344741344,26.857859202439336,6515,20
master,3362.584206243048,27.696155525134508,6515,20
master,3343.911031966254,28.341320769877463,6515,20
master,3411.6676835052317,27.494066811918053,6515,20
master,3402.0680273404396,28.962264796566703,6515,20
master,3302.8521451830834,26.482022662854938,6515,20
master,3299.7191915355243,28.015372980425763,6515,20
worker01,95.41210438994266,0.42237168811963466,1842,11
worker01,137.02314656076777,1.4702643714837904,1842,11
worker01,155.97596748459435,-1.2271458544967562,1842,11
worker01,182.23383195101027,1.6458487249179918,1842,11
worker01,195.65447820702562,-0.4781433163322426,1842,11
worker01,55.33381123665691,2.4326052871157424,1842,11
worker01,62.40342313242053,-0.5582822250105715,1842,11
worker01,144.89959880858694,1.0319606639407108,1842,11
worker01,64.82664398286711,-2.0975610731561485,1842,11
worker01,254.26603773333056,-1.045283440913738,1842,11
worker01,107.36293132887597,1.2705916491204658,1842,11
worker01,41.681728192935964,0.050085489354581236,1842,11
worker01,149.9989501001585,2.112580705469845,1842,11
worker01,80.16903184010548,3.544069648460908,1842,11
worker01,141.3875659549015,2.2100874005978315,1842,11
worker01,154.32240949459816,1.4165764212565806,1842,11
worker01,126.46773097247598,1.5874355091001313,1842,11
worker01,112.87936057564771,-0.7076475039486037,1842,11
worker01,177.71487254055836,1.483109261700563,1842,11
worker01,43.459161953295336,0.3892650467751274,1842,11
worker01,136.82293128917183,0.2555176479748297,1842,11
worker01,156.13390383450852,2.2188048526308477,1842,11
worker01,190.00495740932905,-0.04481077690563562,1842,11
worker01,31.350993992223792,1.8374559423814678,1842,11
worker01,197.6049396858216,1.3273900674408987,1842,11
worker01,182.62111947479747,0.6334455270301746,1842,11
worker01,74.59560861149001,-1.0295650380229011,1842,11
worker01,136.50950215236594,1.4639688520644611,1842,11
worker01,112.11890557883208,0.7162609635003322,1842,11
worker01,61.03141314754953,1.2231825063857316,1842,11
worker01,96.4038998822177,1.0577097942761897,1842,11
worker01,121.89304796284436,0.5950964731802582,1842,11
worker01,144.27936046103162,1.5042874360308662,1842,11
worker01,281.0545744957525,0.14171372151331385,1842,11
worker01,139.18105750860389,2.4003547286733973,1842,11
worker01,99.19139309716854,1.7231430687441058,1842,11
worker01,141.9346394410973,1.4069782410537284,1842,11
worker01,265.40000208894224,1.4552776232653153,1842,11
worker01,232.95009432755478,0.17677838195308282,1842,11
worker01,125.59096874245577,0.11359892468513888,1842,11
worker01,141.05977015938856,1.198157776271672,1842,11
worker01,223.38075409682318,1.7206566861349109,1842,11
worker01,73.5798038743988,0.18783326306157966,1842,11
worker01,215.24742112622872,0.5723073235721554,1842,11
worker01,174.24737897575991,1.8944327716228107,1842,11
worker01,144.85306335074063,0.32001622357475323,1842,11
worker01,74.98304880506944,1.482982670330244,1842,11
worker01,91.52229629912759,1.2241614317257241,1842,11
worker01,222.6334046140882,-0.24154149911130363,1842,11
worker01,122.32110170096287,0.4533824894622226,1842,11
worker01,184.04721858183638,1.6253085553804159,1842,11
worker01,130.09159391900008,0.06041020484182413,1842,11
worker01,137.34938331801672,-0.5910291413698321,1842,11
worker01,211.00185553137132,1.123552635095369,1842,11
worker01,170.8195648716702,2.1158598586574646,1842,11
worker01,166.17513175791962,1.3383321770925083,1842,11
worker01,169.0889464156361,1.368456143185283,1842,11
worker01,191.12263294990737,2.201462941255426,1842,11
worker01,183.43920845391506,1.981473931899628,1842,11
worker01,144.2411191143503,2.0895975077659434,1842,11
worker01,172.29157180407037,0.7093867898327656,1842,11
worker01,183.84611072255836,-0.3696491774293429,1842,11
worker01,128.50099641089116,0.36520764907110814,1842,11
worker01,196.93677261912615,1.3056541470229823,1842,11
worker01,163.61397765995702,1.7520792117510338,1842,11
worker01,117.52701778251856,0.9149636868513371,1842,11
worker01,233.59693922010882,0.15016338091144632,1842,11
worker01,175.4711158472512,2.4704747560570044,1842,11
worker01,144.0846745732132,1.304670156006632,1842,11
worker01,215.7181757963143,-0.10486590467328849,1842,11
worker01,171.3203627606258,1.551492348153729,1842,11
worker01,153.8304589149194,-0.3351915893712851,1842,11
worker01,83.09608316878939,-0.7510363253111387,1842,11
worker01,186.67896020113454,0.9242000195395534,1842,11
worker01,119.50649786948235,1.2843642020205397,1842,11
worker01,202.2857513104407,2.737747815733286,1842,11
worker01,111.31131956295027,-0.3288929992605638,1842,11
worker01,45.27081937321741,2.151755891022858,1842,11
worker01,227.1433442734102,1.6073292451678798,1842,11
worker01,186.71279523866707,1.4246358575974067,1842,11
worker01,159.21044565929856,0.3054263693345042,1842,11
worker01,150.50215614827715,0.6581150389687531,1842,11
worker01,225.8195517406902,2.4297495311441484,1842,11
worker01,107.01907932575656,-0.1721118717156096,1842,11
worker01,178.47209136797773,1.0685541196324084,1842,11
worker01,122.2818807476773,1.7969681536956452,1842,11
worker01,152.49746727110892,2.391608344810887,1842,11
worker01,125.44936885501585,1.1263264189033373,1842,11
worker01,84.9900644133912,2.227517216988705,1842,11
worker01,104.83824322319221,1.3516388630517535,1842,11
worker01,87.9380639528696,0.5116674528303649,1842,11
worker01,173.1691541963349,0.7169358021892138,1842,11
worker01,148.8208492682679,0.9652865022177203,1842,11
worker01,176.83738108072077,3.3236935392572993,1842,11
worker01,155.94313888617094,-1.7962236027455365,1842,11
worker01,205.11768337440367,1.2087757727975776,1842,11
worker01,137.68039142157716,2.222851692318688,1842,11
worker01,105.71582776870618,1.1397745854102153,1842,11
worker01,158.92078718113092,-0.011086984533589694,1842,11
worker01,169.9879591024055,-0.3836651985174424,1842,11
worker02,89.9702346885343,3.304367999838851,1422,8
worker02,164.3343728461594,1.036870741243556,1422,8
worker02,155.57934084294618,2.226809886623489,1422,8
worker02,76.95574347540443,0.3788986876453633,1422,8
worker02,92.82970887865991,0.23850686495784168,1422,8
worker02,179.54339236908993,0.5673930363077251,1422,8
worker02,126.88840562709882,0.540316423943838,1422,8
worker02,103.15340402363621,0.4118391555364814,1422,8
worker02,162.35081395591945,0.9918665002615914,1422,8
worker02,169.9852302939344,1.2069335407160586,1422,8
worker02,175.66642561877808,1.4836484426030185,1422,8
worker02,166.26574919287194,1.8385688096157935,1422,8
worker02,189.6822429614655,-0.5296757538977082,1422,8
worker02,141.2537914156012,-0.08502901752644632,1422,8
worker02,126.02687381227403,2.73578676221772,1422,8
worker02,179.70729622418042,1.0777837458319683,1422,8
worker02,198.65933771907714,1.4344567298183657,1422,8
worker02,189.13638041173897,0.03719908284745255,1422,8
worker02,146.4038188341498,1.5640588501031774,1422,8
worker02,157.24717787947856,0.5896066059902634,1422,8
worker02,119.47856011502881,1.3646258549382586,1422,8
worker02,129.26583867662578,1.8938218828702291,1422,8
worker02,165.24703396717808,1.9885630042082463,1422,8
worker02,169.67410854941045,-0.7642336814053949,1422,8
worker02,121.46885641995522,0.26926979929922856,1422,8
worker02,171.93168058023744,1.2163726856669586,1422,8
worker02,135.04953628486675,0.5253373630439622,1422,8
worker02,191.68903476001384,-0.1911112923345506,1422,8
worker02,190.05701657289822,-1.2088054575311844,1422,8
worker02,177.92144042828357,0.6938627995016956,1422,8
worker02,95.60137751516282,-0.05248252705095835,1422,8
worker02,82.5821027089291,0.7236083440517018,1422,8
worker02,232.88151723903377,0.6493153954808353,1422,8
worker02,102.44668575599766,0.3846606684936744,1422,8
worker02,125.99126970572192,0.14087153314475942,1422,8
worker02,164.65878893767928,1.2568275292014193,1422,8
worker02,146.04389903398703,0.5555587226258829,1422,8
worker02,202.87194926075247,1.3530584999624373,1422,8
worker02,222.43154962417313,2.65199821096862,1422,8
worker02,146.64179181224264,1.2886177438317792,1422,8
worker02,98.13005263399444,2.375371063036117,1422,8
worker02,107.90804941746077,-0.018790504284913245,1422,8
worker02,150.0579641475095,2.40972423579227,1422,8
worker02,204.54147533858907,-0.8182299951557168,1422,8
worker02,140.20229514161608,1.2060089738194462,1422,8
worker02,193.33531105370602,1.0611602430371292,1422,8
worker02,146.7164811975346,1.6054884715661513,1422,8
worker02,128.97070315441007,0.6597465413815169,1422,8
worker02,37.19889851308045,0.43659369319123675,1422,8
worker02,238.2648500950669,0.8231053232130822,1422,8
worker02,86.56596274833879,1.67150296003152,1422,8
worker02,34.146307262220105,-0.8140918040086798,1422,8
worker02,46.49741078100507,1.831934159266141,1422,8
worker02,147.68204164736596,1.135974774778453,1422,8
worker02,281.06922508622944,1.7533750894831106,1422,8
worker02,151.67714121988857,-0.07012956013941984,1422,8
worker02,179.39143372686436,0.6324846118690755,1422,8
worker02,80.82901259139386,0.6999133792571179,1422,8
worker02,110.9870397890147,0.18124110564811835,1422,8
worker02,139.17817867356703,-0.13345585784492586,1422,8
worker02,197.13368970810856,1.1233581232501466,1422,8
worker02,52.86778390761822,-0.11422159823178402,1422,8
worker02,194.13901068389515,1.8102719293561034,1422,8
worker02,97.55338018311727,1.2509859679575277,1422,8
worker02,152.24500606982153,1.350273397102897,1422,8
worker02,150.3636437047691,0.48688728097412626,1422,8
worker02,169.09328650256268,0.14676999706904492,1422,8
worker02,139.58536673762234,1.3567870435224445,1422,8
worker02,135.2959651946936,1.6344184773207058,1422,8
worker02,29.719428355394427,0.6852825457162373,1422,8
worker02,146.38416027439783,0.5553627630083015,1422,8
worker02,129.85326303916094,1.0098495919684025,1422,8
worker02,141.9658960709954,-0.1543748969797265,1422,8
worker02,178.06525334478468,2.639800240510663,1422,8
worker02,223.8059778767236,0.7836236389619121,1422,8
worker02,146.29064795208825,-0.36209199498150646,1422,8
worker02,108.66014719668482,0.4761478108963867,1422,8
worker02,179.6392496406201,0.20016896777694426,1422,8
worker02,62.672310233064906,2.4893732889689337,1422,8
worker02,149.16287041597016,2.2465706570219037,1422,8
worker02,127.64900040981644,0.4700555760870099,1422,8
worker02,147.18166254175097,2.0760713378606295,1422,8
worker02,112.86568683945063,1.7747891657796373,1422,8
worker02,177.72050849389322,1.4502404779667888,1422,8
worker02,274.91164180759665,-0.010884593967974254,1422,8
worker02,152.0589089931669,0.6366100213168897,1422,8
worker02,137.6629221267112,1.0053947158659993,1422,8
worker02,87.03543984835778,0.8250173686200438,1422,8
worker02,57.57359324795823,-0.2643740357613411,1422,8
worker02,78.971525478563,0.7265498040558975,1422,8
worker02,117.46394548470589,0.7733474279684736,1422,8
worker02,151.50436806368393,0.31462618679145105,1422,8
worker02,130.70863959695632,0.6902115634045317,1422,8
worker02,62.7648240050781,1.4358035077315714,1422,8
worker02,98.22559423294462,1.4366795724213781,1422,8
worker02,102.96027032345994,1.321506340469289,1422,8
worker02,185.2605263519012,2.0308758682092476,1422,8
worker02,167.77738060402467,0.8856189091077564,1422,8
worker02,160.81033292889026,3.6494849573229495,1422,8
worker02,212.03464291664554,2.1754919399858403,1422,8
worker03,118.2882562483891,1.2709256456250189,1367,8
worker03,228.58508192831576,0.23493582135350755,1367,8
worker03,124.82869075910548,1.3578609866747864,1367,8
worker03,98.82157874421563,0.9605400622596504,1367,8
worker03,222.30708000083098,1.9182747357743328,1367,8
worker03,83.13569543999031,2.516946814033038,1367,8
worker03,111.22235697617907,0.6682046392089256,1367,8
worker03,110.55511237349785,0.8589599682693567,1367,8
worker03,73.01514427784538,4.028374782331735,1367,8
worker03,223.08518879248493,1.6710343940829,1367,8
worker03,209.92041406426554,2.7056425804447857,1367,8
worker03,27.759047775930483,-0.00555096952653078,1367,8
worker03,145.24787676844656,1.2683446488455272,1367,8
worker03,105.4138347714172,1.223500150085581,1367,8
worker03,164.48560254178483,1.8282550596318978,1367,8
worker03,220.17632391721475,0.1783278970711576,1367,8
worker03,246.07662044711648,2.1356932676322598,1367,8
worker03,87.84521448243356,-2.288675342753562,1367,8
worker03,106.50041456379452,0.6024814858267133,1367,8
worker03,167.68699537694437,0.9292660569192959,1367,8
worker03,141.426679230833,0.8531477326378549,1367,8
worker03,117.74705542893264,-0.641415437251144,1367,8
worker03,260.7077226493851,-0.8010540840681306,1367,8
worker03,205.8372462976576,1.1017786278662685,1367,8
worker03,119.58444225500142,-0.14384668166246017,1367,8
worker03,124.55796258769938,1.913857856806851,1367,8
worker03,126.18323449303263,1.2336285108863883,1367,8
worker03,196.78925009656717,0.06752800670157111,1367,8
worker03,188.71569714346197,1.3755955714112669,1367,8
worker03,86.53097086415231,-0.20713216733711248,1367,8
worker03,150.45145232844146,2.147687589351796,1367,8
worker03,164.77102378125593,1.340518279211744,1367,8
worker03,144.18054461649305,0.22355534723048553,1367,8
worker03,121.02125287456828,-0.11765528557689708,1367,8
worker03,133.67005193222704,0.4599494954980844,1367,8
worker03,112.23485472762533,0.8909256059030521,1367,8
worker03,212.9103617114382,0.29868672887412406,1367,8
worker03,115.8185348033767,1.6964257219649697,1367,8
worker03,120.36577846259397,1.247526827860145,1367,8
worker03,107.4630745521201,1.5387389886734346,1367,8
worker03,71.30611601701828,2.4053184239486614,1367,8
worker03,92.28585904741124,2.0599014542360523,1367,8
worker03,119.469090105964,1.023281095015058,1367,8
worker03,146.13016949535285,2.633184619293486,1367,8
worker03,117.75265599783165,3.102575638736646,1367,8
worker03,181.3160886698445,0.3330979934443814,1367,8
worker03,108.82180140685927,2.766792043323545,1367,8
worker03,122.79493543104424,1.1048710763930811,1367,8
worker03,195.47967273611556,2.2912112542778282,1367,8
worker03,117.28566626870017,1.4965110126877041,1367,8
worker03,231.23002581158784,-0.6405725246961613,1367,8
worker03,66.34266115201827,1.046516796745198,1367,8
worker03,143.120610194075,0.9232213928373559,1367,8
worker03,190.48961148657162,-0.2454708275404187,1367,8
worker03,130.58333903968511,0.9202182294527501,1367,8
worker03,188.8080582659543,0.08958288385602753,1367,8
worker03,195.993147209249,0.6640995407710748,1367,8
worker03,174.01902008641233,1.8099507057506532,1367,8
worker03,139.4268393489832,1.062192805722158,1367,8
worker03,198.01968718399894,0.4488324554829779,1367,8
worker03,191.09495219646868,1.041195948039211,1367,8
worker03,184.71018163117873,1.4675604378193827,1367,8
worker03,172.66557724027084,0.4861824159996865,1367,8
worker03,198.8424734930333,1.8243543182428485,1367,8
worker03,108.0130104502258,0.787967073760108,1367,8
worker03,172.40367955030428,1.5728429205245642,1367,8
worker03,95.86456062531721,1.470189036831271,1367,8
worker03,9.575671250481918,1.4240895358842593,1367,8
worker03,200.6216699437974,3.56114406798801,1367,8
worker03,235.11985715337576,0.9540776377498604,1367,8
worker03,152.28947383859614,2.2096041998121936,1367,8
worker03,145.83055223927016,0.7756986036487306,1367,8
worker03,81.09570399891606,-0.21559654534023243,1367,8
worker03,171.50734533422707,-0.045060276569827584,1367,8
worker03,138.74656747711586,0.9268766625502659,1367,8
worker03,162.8727481533138,3.4862933063466643,1367,8
worker03,152.16043921930236,0.35021856107344995,1367,8
worker03,119.36605065801058,1.263651640491517,1367,8
worker03,144.46095722583297,0.7195329724420929,1367,8
worker03,126.40226639024314,1.6744089711694594,1367,8
worker03,182.1155044350036,-0.2389174217169685,1367,8
worker03,264.10634966004926,-0.7439519338400002,1367,8
worker03,97.8620962172507,0.46607256408485087,1367,8
worker03,79.05185750980593,-0.20022556154559945,1367,8
worker03,135.01567702067217,2.190506497822366,1367,8
worker03,172.44914319595014,0.7054630205830135,1367,8
worker03,124.31551568659336,0.02133647367977254,1367,8
worker03,190.11541077609905,-0.7579141447189142,1367,8
worker03,176.84649529129817,0.06942512187298544,1367,8
worker03,124.88272104358376,1.7941991442055545,1367,8
worker03,160.77077339093626,0.8930927802169105,1367,8
worker03,158.48287676927063,-0.7039678766943811,1367,8
worker03,105.67511309372794,0.09227985657427362,1367,8
worker03,131.0519195851881,2.4506062051281194,1367,8
worker03,107.30340528521101,0.37302060793805647,1367,8
worker03,188.8944031534743,0.6110671045575643,1367,8
worker03,109.77662204813271,0.00191685975240663,1367,8
worker03,125.91809510457017,0.6407166584001789,1367,8
worker03,193.2099120518487,0.22354075030245057,1367,8
worker03,134.76385020731573,2.078863739283212,1367,8
worker04,77.9912930885051,1.6206902718903866,1637,10
worker04,89.47491038962255,1.1628232321067502,1637,10
worker04,161.55890023071524,0.10022776244549969,1637,10
worker04,113.81614811647366,1.7025837324513748,1637,10
worker04,44.06301605378667,1.0136120921348786,1637,10
worker04,223.06382368701708,1.2069146017546613,1637,10
worker04,169.15398090450128,0.9580143327998839,1637,10
worker04,195.01430043844942,0.5911941569740434,1637,10
worker04,101.64158501862366,1.2296305780175836,1637,10
worker04,85.11784194531646,0.7395687079811648,1637,10
worker04,143.2132890038237,-0.3323816101186985,1637,10
worker04,109.11524061422888,-0.7404055307864994,1637,10
worker04,164.35600316198247,0.7538092732758028,1637,10
worker04,150.6779083255449,1.5411629865485441,1637,10
worker04,113.9666526336591,1.5858365245708357,1637,10
worker04,147.74195997883768,1.2044971466505046,1637,10
worker04,91.7330215778228,1.0403253840821562,1637,10
worker04,191.4735169328611,1.1608022150706345,1637,10
worker04,166.19478549562993,-0.18823066876365813,1637,10
worker04,165.76579261977562,-0.45253655705234563,1637,10
worker04,158.9752025046789,1.493257439218078,1637,10
worker04,206.85407893508616,-0.3624068416245092,1637,10
worker04,190.6464863011104,-0.00911099205138699,1637,10
worker04,180.69304777684408,-0.37617279735846854,1637,10
worker04,215.37475214598985,0.5818980339534032,1637,10
worker04,133.17186118324008,0.2204447275763285,1637,10
worker04,210.32831032737286,-0.5177339592278694,1637,10
worker04,62.45647973625904,-0.38697841333736194,1637,10
worker04,181.85362466884123,1.9173848048921767,1637,10
worker04,34.75251330918681,1.2476091417171429,1637,10
worker04,219.07674652437692,-1.3411293777854962,1637,10
worker04,89.94506738863456,1.0427723122583152,1637,10
worker04,135.20332759527219,2.3455097577225272,1637,10
worker04,220.3866139393297,0.23111682646589238,1637,10
worker04,195.4226678337966,1.627917075686442,1637,10
worker04,148.14987605469338,0.02168095020884131,1637,10
worker04,224.87333274779235,2.126593792035372,1637,10
worker04,166.84271255532866,1.3965304111385035,1637,10
worker04,167.09464055012148,-1.792197308409981,1637,10
worker04,197.16355202857306,1.0738868849594234,1637,10
worker04,209.59185360219814,-0.10778343762664822,1637,10
worker04,244.76318713743436,2.198385711127483,1637,10
worker04,171.23874629725978,0.6996415317916582,1637,10
worker04,156.22751725670403,0.25682570022507334,1637,10
worker04,32.76941214585021,0.10767816473055736,1637,10
worker04,84.36886159871128,1.62254665125907,1637,10
worker04,145.4863217413357,3.0896066681185608,1637,10
worker04,149.93509195139535,1.1088418884250888,1637,10
worker04,118.27101886337321,2.368322447259082,1637,10
worker04,136.87786200509316,1.4376745314198083,1637,10
worker04,135.62696181478728,3.3559559427323897,1637,10
worker04,25.238697807855345,2.774646650589813,1637,10
worker04,243.95704591381883,0.7444657150566385,1637,10
worker04,183.56334810898403,-0.1871996237787843,1637,10
worker04,73.13826090735682,0.7594950686982295,1637,10
worker04,170.0159202901516,1.9844926433781596,1637,10
worker04,190.75524933481506,1.2180888489640993,1637,10
worker04,239.41798850574338,-1.440370608125472,1637,10
worker04,183.4887556245098,2.1377274009846374,1637,10
worker04,179.85820492135474,-0.48388488646190364,1637,10
worker04,122.96539286714903,1.1012549661268112,1637,10
worker04,96.90697699679254,1.6312823927044522,1637,10
worker04,163.4335416988327,0.6203521422584573,1637,10
worker04,57.40717286299217,0.3664529091641271,1637,10
worker04,16.395282679669663,0.4050346956276748,1637,10
worker04,126.21527804238217,0.6432358307476274,1637,10
worker04,66.75387042490401,0.4682121499211187,1637,10
worker04,214.54538138633802,1.1227445040637385,1637,10
worker04,147.00197008899818,0.8728451473372483,1637,10
worker04,138.80272520784422,-0.17573037855022156,1637,10
worker04,189.78881258278267,1.5269468141119804,1637,10
worker04,138.39025979121422,0.9331311979324113,1637,10
worker04,92.54667760590985,3.2184840874724854,1637,10
worker04,41.88482312092185,0.8966834038153919,1637,10
worker04,142.66942624271866,2.793780217596967,1637,10
worker04,147.71586539842747,1.4646361932311152,1637,10
worker04,161.9502937145719,0.9369220516831879,1637,10
worker04,111.73282739391205,1.1447602578027767,1637,10
worker04,125.51250528849913,0.9134891465121695,1637,10
worker04,180.1953066709581,2.171999850994374,1637,10
worker04,70.94037787214572,1.7502441301394382,1637,10
worker04,254.1149820800986,2.7631006271346394,1637,10
worker04,119.09465400339113,1.1796388062015648,1637,10
worker04,226.8432340045071,-0.2722593995516731,1637,10
worker04,252.29158423358484,1.25890690330142,1637,10
worker04,166.96024899874146,2.372517965072416,1637,10
worker04,216.23594434983443,-0.15354194592640447,1637,10
worker04,154.8740812256743,0.7316361322678091,1637,10
worker04,52.08068716953116,-0.42725325980323503,1637,10
worker04,188.0329710553746,1.1340524339795268,1637,10
worker04,113.01775381268428,1.6596464035121337,1637,10
worker04,142.80477739181936,1.5889876258241502,1637,10
worker04,163.65988920592076,2.128987874134409,1637,10
worker04,195.36892398476184,0.09465443827321418,1637,10
worker04,146.62922577521616,0.43577325654897237,1637,10
worker04,203.33638108602017,-0.4657316767891815,1637,10
worker04,128.62495487582495,-0.10239025472428032,1637,10
worker04,216.70176944669885,1.822123215406211,1637,10
worker04,98.26831166982942,0.7211824600810299,1637,10
worker04,107.10962646401842,0.1368726142749226,1637,10
worker06,571.9900409396208,2.71860738050462,3218,5
worker06,399.3343576665445,2.489716874879176,3218,5
worker06,458.6689740307404,3.2491418608227636,3218,5
worker06,522.4415973503312,3.2937679430619724,3218,5
worker06,510.94972423113796,2.404997990328346,3218,5
worker06,508.0783455149266,2.609199550421838,3218,5
worker06,523.3523804294726,1.9409369848429796,3218,5
worker06,479.25181514239637,2.539847934103231,3218,5
worker06,551.4292581024818,3.9908713100845477,3218,5
worker06,584.9859838288987,4.201399174297441,3218,5
worker06,342.62938917513867,2.6368876416390097,3218,5
worker06,514.2635459078266,4.349263215295713,3218,5
worker06,512.3632168459178,3.040022605132435,3218,5
worker06,583.4003464166951,4.2245422959673675,3218,5
worker06,501.1317813647545,2.9273662460606484,3218,5
worker06,502.5747359941534,3.0700061868389446,3218,5
worker06,562.0569466823451,2.899688912057192,3218,5
worker06,459.6855987773636,1.9253510880835347,3218,5
worker06,451.2800616779431,3.401833788714099,3218,5
worker06,464.38385077862455,3.266436359902894,3218,5
worker06,397.5872000913333,2.932859389194525,3218,5
worker06,514.9612891440004,2.428389601082763,3218,5
worker06,500.38082344535974,2.084818955104716,3218,5
worker06,503.6076339482272,3.427105278699015,3218,5
worker06,502.54265615607375,2.871565112771027,3218,5
worker06,427.88707404744827,4.993332520547514,3218,5
worker06,464.95499041656745,4.171028973648877,3218,5
worker06,499.62758508272213,4.228185519908217,3218,5
worker06,449.1529616648463,2.653373547745784,3218,5
worker06,563.5405353780843,5.0312693034155425,3218,5
worker06,432.1196594290792,1.8575971888019338,3218,5
worker06,557.3221438538379,3.1489308859422716,3218,5
worker06,457.5375855456982,4.2479688045281065,3218,5
worker06,486.2298675211506,3.30475568541844,3218,5
worker06,439.45675252391834,4.253122303789939,3218,5
worker06,508.858078498089,3.1329492678794564,3218,5
worker06,457.1067074656603,3.4046788632065548,3218,5
worker06,462.29136794132853,4.055310641458461,3218,5
worker06,514.3927921783903,3.408739142933155,3218,5
worker06,429.9016122651775,2.7061138404837446,3218,5
worker06,465.1150156126016,3.751935257224807,3218,5
worker06,476.1234861421125,3.591686960135463,3218,5
worker06,531.6009924244167,2.1695906677409917,3218,5
worker06,428.86755178170796,4.276765446757951,3218,5
worker06,531.6549035183903,3.1112499141910845,3218,5
worker06,494.69336542095533,4.295925022397484,3218,5
worker06,475.80969716407765,4.221161570659669,3218,5
worker06,503.9420651839504,2.3597025953904964,3218,5
worker06,499.3864900864686,2.818991289296758,3218,5
worker06,539.6488591848396,3.728141303490748,3218,5
worker06,493.0080772380468,2.5901931873177726,3218,5
worker06,536.6574496142882,1.411461454692159,3218,5
worker06,448.7454792478794,1.2569609388927363,3218,5
worker06,450.2032112442912,2.589161036614566,3218,5
worker06,544.7899305289405,2.7314066379129547,3218,5
worker06,533.4653180837075,3.6167854296718196,3218,5
worker06,490.13474362366827,4.632287295982337,3218,5
worker06,416.8485959744992,3.369920548116449,3218,5
worker06,488.55304597246794,2.094620702005624,3218,5
worker06,492.4671289639259,3.1075510212522324,3218,5
worker06,422.6618316206275,2.458108920463869,3218,5
worker06,594.7512914361738,4.7666094196258335,3218,5
worker06,509.76450863227063,2.81518174348804,3218,5
worker06,478.85908898281275,3.824072920172348,3218,5
worker06,519.8648956731851,1.6554674506693001,3218,5
worker06,429.1525576343375,5.406844809464031,3218,5
worker06,473.61123977643456,3.134754747936776,3218,5
worker06,399.89129891941815,2.5103609577867805,3218,5
worker06,503.65059724001617,2.3638219662203657,3218,5
worker06,454.6189468810796,2.1020045330027095,3218,5
worker06,437.6215516711096,2.483792646389008,3218,5
worker06,446.523379355653,3.464494439923429,3218,5
worker06,497.6805273734544,3.701173957224497,3218,5
worker06,451.7523794984502,3.259404370047876,3218,5
worker06,487.24715386997957,4.952135775695858,3218,5
worker06,456.7220130269235,2.0402201799713673,3218,5
worker06,541.9776315376387,1.542803558782352,3218,5
worker06,497.78094818128284,2.119922847021783,3218,5
worker06,456.258230793945,3.82875854101273,3218,5
worker06,424.93803151157204,4.652969547710921,3218,5
worker06,511.05989524712675,3.2052334932848114,3218,5
worker06,348.06338146256047,0.8779322972371366,3218,5
worker06,524.7650623650889,1.7200596113978577,3218,5
worker06,528.7083582883554,4.332651122013595,3218,5
worker06,491.89752145888167,2.856367422083227,3218,5
worker06,483.17483757868246,2.9757356989873043,3218,5
worker06,492.24465357842644,0.967018264212625,3218,5
worker06,474.60463085707767,2.9695625143838518,3218,5
worker06,452.1943088049613,3.7907035819862,3218,5
worker06,444.1901896085039,3.8400115331710816,3218,5
worker06,484.4010741178155,4.31647787650877,3218,5
worker06,508.5564327489005,2.7401254190247117,3218,5
worker06,541.8206263092766,3.3076505608531113,3218,5
worker06,486.6287722352591,1.6490479497318893,3218,5
worker06,490.05738576002864,3.3450599940389143,3218,5
worker06,512.624219354216,4.0987941628193365,3218,5
worker06,419.97075265752505,2.74973822287561,3218,5
worker06,504.2890691726443,3.225491631586977,3218,5
worker06,486.073174788565,2.910766234099059,3218,5
worker06,484.66331311483145,2.7500004902185577,3218,5
worker07,1729.6623554473679,11.113124637608955,2633,4
worker07,1715.5839087459442,10.696045059001197,2633,4
worker07,1699.2391037963466,9.103073296163302,2633,4
worker07,1724.001932840263,8.28335461280879,2633,4
worker07,1728.6319476553813,10.889880446216777,2633,4
worker07,1758.6475283704194,11.48880885187576,2633,4
worker07,1666.542788656902,9.745421702746757,2633,4
worker07,1708.8298468838636,8.994518914720459,2633,4
worker07,1786.444510422403,8.229258196115843,2633,4
worker07,1759.148469521367,10.429944669842378,2633,4
worker07,1646.3668901481253,10.168059036194807,2633,4
worker07,1675.9569946864092,8.062257262146733,2633,4
worker07,1693.9549134479496,9.076785894050245,2633,4
worker07,1648.4137627115508,10.128923458521694,2633,4
worker07,1711.2921411758641,10.645550034713771,2633,4
worker07,1693.5631847366894,7.69812909655476,2633,4
worker07,1694.5819035255754,9.834059961086753,2633,4
worker07,1713.9027756160594,9.572417912107454,2633,4
worker07,1673.537849905477,10.427091407227525,2633,4
worker07,1693.8530170478352,8.752346365811041,2633,4
worker07,1695.4630313031382,11.593488472363093,2633,4
worker07,1730.3754711024737,10.288579885402816,2633,4
worker07,1734.2340899471744,10.14598275141059,2633,4
worker07,1753.5402539459003,10.09341490416557,2633,4
worker07,1646.6547638151128,11.206340253762528,2633,4
worker07,1712.3036579092593,9.193291299756874,2633,4
worker07,1684.301712136971,10.141530966753265,2633,4
worker07,1658.5724421325513,8.021254861591506,2633,4
worker07,1759.3595323733684,9.818452886021122,2633,4
worker07,1736.6200846256713,11.151563894753709,2633,4
worker07,1729.8286494027554,9.777356669009347,2633,4
worker07,1690.1211403765467,8.832011820036668,2633,4
worker07,1807.0149459728002,8.489375686527417,2633,4
worker07,1686.174035298525,10.915326805138914,2633,4
worker07,1822.8604609771257,10.824928431307677,2633,4
worker07,1782.9843397443494,9.88721907741736,2633,4
worker07,1749.1729729199953,9.931590396921754,2633,4
worker07,1685.7314243649016,9.885138362806885,2633,4
worker07,1709.9129841850927,8.342956146140578,2633,4
worker07,1711.5681233853256,9.542846798015084,2633,4
worker07,1707.3793690796479,10.177768018503288,2633,4
worker07,1801.5304995210422,10.390723330101922,2633,4
worker07,1635.5999114102412,10.492034792062299,2633,4
worker07,1760.1903582921818,11.445524787244901,2633,4
worker07,1670.7313137322806,9.654962347217351,2633,4
worker07,1738.0529439720367,10.300145531862716,2633,4
worker07,1664.4742085216649,9.97524803084715,2633,4
worker07,1727.2697625110457,9.390971118973717,2633,4
worker07,1748.934689564619,8.380433663142107,2633,4
worker07,1808.4482443072795,10.290968555921749,2633,4
worker07,1734.420955288031,12.095003986050749,2633,4
worker07,1758.5808436022803,10.359009069868371,2633,4
worker07,1727.5868438188802,9.62912195062116,2633,4
worker07,1807.6645712779057,12.368965038244017,2633,4
worker07,1737.9293489738586,10.212949646853662,2633,4
worker07,1737.7192926928858,10.902938990609705,2633,4
worker07,1611.4330981160883,10.674891484053973,2633,4
worker07,1756.0342422062063,8.979734483512381,2633,4
worker07,1856.475745366998,10.654331084316725,2633,4
worker07,1720.579727080864,8.969366211272215,2633,4
worker07,1758.8540747778914,9.587454334852241,2633,4
worker07,1712.1828938006404,9.863305608195613,2633,4
worker07,1697.535900994375,9.873872835551856,2633,4
worker07,1713.2285048527403,10.797778226056359,2633,4
worker07,1747.4476147112152,8.406762486325565,2633,4
worker07,1837.403762180801,8.536991031960229,2633,4
worker07,1694.5068235566498,10.25859128390933,2633,4
worker07,1694.2301874274149,9.29478601115039,2633,4
worker07,1704.89911826936,8.223729721667647,2633,4
worker07,1700.2467389536162,9.987562562786609,2633,4
worker07,1717.7900100195784,9.45937851469976,2633,4
worker07,1704.3073315783795,9.585427042104325,2633,4
worker07,1785.1066282887857,10.660455268485288,2633,4
worker07,1621.2989418600241,9.302497958419885,2633,4
worker07,1802.3293603802288,9.58814493908619,2633,4
worker07,1815.2164447173575,10.789302919346946,2633,4
worker07,1602.4775696787697,8.981353561748316,2633,4
worker07,1737.0223998073684,8.539497367254459,2633,4
worker07,1784.052433115993,9.531097753509124,2633,4
worker07,1668.752021808875,11.038981069958364,2633,4
worker07,1693.0161346806037,9.070616206487287,2633,4
worker07,1698.7758297728442,10.41280813439385,2633,4
worker07,1682.9761810754292,9.274263209599397,2633,4
worker07,1716.3323866690973,11.069501694928435,2633,4
worker07,1772.0785193427876,8.964278823487657,2633,4
worker07,1776.7607981400715,12.034460179098579,2633,4
worker07,1730.4281589213645,9.67764066083442,2633,4
worker07,1717.8047477032803,10.878508560791461,2633,4
worker07,1729.4551963361027,10.107823038510025,2633,4
worker07,1703.0301249311142,9.653592221001656,2633,4
worker07,1811.391888427121,11.883757222289509,2633,4
worker07,1778.1387213726748,8.340102992973597,2633,4
worker07,1747.1516933001265,10.350991049531943,2633,4
worker07,1729.5250609162977,11.045373981564987,2633,4
worker07,1725.0948996088127,9.608213341159571,2633,4
worker07,1753.2267677995126,8.664394523589502,2633,4
worker07,1739.7705720472795,10.114182538294166,2633,4
worker07,1777.7625608399012,10.949813959188653,2633,4
worker07,1728.3766807866223,11.015626286061803,2633,4
worker07,1688.5993972791234,8.809328523212558,2633,4
worker08,2055.228292402609,13.328859467660742,8085,12
worker08,2117.5997509177064,12.402227977743092,8085,12
worker08,2095.9737049769365,12.75105908554296,8085,12
worker08,2192.2627529971905,12.61511252563179,8085,12
worker08,2057.102333735199,13.785379824049473,8085,12
worker08,2113.963974299403,14.908987206716361,8085,12
worker08,2142.062735528841,14.485447867915745,8085,12
worker08,2070.5503310650365,12.890427582866996,8085,12
worker08,2115.6564497724153,14.061272922091613,8085,12
worker08,2116.8566283622313,15.315905517677773,8085,12
worker08,2123.8255464832228,14.080686481068266,8085,12
worker08,2094.105017445196,15.578155018253451,8085,12
worker08,2096.390698809968,14.47727870919398,8085,12
worker08,2001.351213430749,12.971330646510358,8085,12
worker08,1995.147554534497,13.012504749676236,8085,12
worker08,2139.97181767842,12.435545860067794,8085,12
worker08,2076.518359066672,13.742975064571377,8085,12
worker08,2036.9197852071568,13.793942720005955,8085,12
worker08,2106.6104162641,11.459142394064113,8085,12
worker08,2062.4559396006503,14.281617955203087,8085,12
worker08,2073.5103447458105,13.591222531142764,8085,12
worker08,2038.324320171585,12.683879211696665,8085,12
worker08,2102.934148202589,15.227786379858314,8085,12
worker08,2070.518346729853,14.422250290742664,8085,12
worker08,2077.0020306973765,14.216569949603697,8085,12
worker08,2154.3820603100176,13.878037542061996,8085,12
worker08,2039.840359935357,13.252391271738441,8085,12
worker08,2127.241722258433,12.141088575946636,8085,12
worker08,2076.8181278353645,11.318350879378233,8085,12
worker08,2151.026833195553,13.636524436957853,8085,12
worker08,2108.3629931953656,12.918983617461826,8085,12
worker08,2199.126521318002,13.806989072876672,8085,12
worker08,2123.9661222214654,12.707838235123624,8085,12
worker08,2123.3431183695975,13.821013625428458,8085,12
worker08,2099.723419219896,11.999267796065508,8085,12
worker08,2137.1899634918277,11.842695993405094,8085,12
worker08,2125.551449170179,12.642185101959804,8085,12
worker08,2011.009188119568,12.318281492602546,8085,12
worker08,2092.4452442477373,14.145945634079494,8085,12
worker08,2109.303199192104,13.291367748909357,8085,12
worker08,2134.715518024966,12.457442048803397,8085,12
worker08,2092.0715726056183,13.295419742365125,8085,12
worker08,2121.352548281227,13.621666247559821,8085,12
worker08,2001.0176024056216,13.045533686864955,8085,12
worker08,2001.1645899145544,12.455285073613492,8085,12
worker08,2012.7829719597335,12.090494938185602,8085,12
worker08,2131.907274419943,11.670896780805567,8085,12
worker08,2120.1314799146867,11.151391271827466,8085,12
worker08,2154.3078305527206,14.674634703152362,8085,12
worker08,2093.8807389382796,14.720580333875208,8085,12
worker08,2116.196173218237,13.420164746044673,8085,12
worker08,2092.7650295595436,14.643565517453638,8085,12
worker08,2075.561725277654,12.147387932116846,8085,12
worker08,2229.611114512937,14.538139822049578,8085,12
worker08,2044.4955288527644,14.975082404671198,8085,12
worker08,2172.143923332633,13.059793410272144,8085,12
worker08,2036.9250591053863,12.249290274105814,8085,12
worker08,2061.3692794883546,12.730322563773697,8085,12
worker08,2099.3714308198346,13.417550967342578,8085,12
worker08,2113.29243085134,13.611910198556355,8085,12
worker08,2153.913554071747,12.504216124663937,8085,12
worker08,2134.4129160856805,13.085157025301918,8085,12
worker08,2059.039421846619,13.41618055294277,8085,12
worker08,2113.9827111413706,14.149630164785396,8085,12
worker08,2070.7541016545256,11.623031823597062,8085,12
worker08,2038.7994973217394,13.049062999967338,8085,12
worker08,2121.7729018637997,13.348546274299856,8085,12
worker08,2187.042474516442,13.088231720383298,8085,12
worker08,2022.2620900055906,13.920306398873175,8085,12
worker08,2143.19885757787,14.132408756509387,8085,12
worker08,2054.430137750358,12.8486664409052,8085,12
worker08,2169.8424329903332,15.214865524379151,8085,12
worker08,2084.4618677171075,12.210722528376953,8085,12
worker08,2138.3025207057995,13.804509097648092,8085,12
worker08,2097.993014015837,12.574637784384244,8085,12
worker08,2030.9027400169648,12.853332534175872,8085,12
worker08,2112.921709119564,10.207226839066111,8085,12
worker08,2029.3550757419398,14.843531685909404,8085,12
worker08,2076.220713598589,12.990330253016408,8085,12
worker08,2047.988730468534,12.25802597441626,8085,12
worker08,2033.4145955552253,11.191552732335968,8085,12
worker08,2099.3130800555805,13.718091597326655,8085,12
worker08,2064.6916368447423,13.223794018925082,8085,12
worker08,2026.7595897613771,13.196471984757048,8085,12
worker08,2081.9961086265334,11.60598676065087,8085,12
worker08,2005.741944654234,12.728395780460206,8085,12
worker08,2151.125276551911,12.81306958596689,8085,12
worker08,2144.9065781351037,14.722515173223774,8085,12
worker08,2050.472652078355,13.276457893961023,8085,12
worker08,2112.338005966687,13.051982575242947,8085,12
worker08,2046.1306196664925,13.6217104861183,8085,12
worker08,2121.3210921773525,12.575156408270386,8085,12
worker08,2136.358306761481,12.706753013057693,8085,12
worker08,2020.5911071773974,12.128848343478488,8085,12
worker08,2098.6481211451537,13.415512928347527,8085,12
worker08,2038.9975509787098,12.993454522334469,8085,12
worker08,2068.17442790523,13.706727390974784,8085,12
worker08,2049.0396727109137,11.892138238737004,8085,12
worker08,2110.9000545412146,12.356427506619017,8085,12
worker08,2002.2263704692639,12.886992807078908,8085,12
gpu-worker,137.010214707476,2.1848706388427055,3285,5
gpu-worker,48.649349323012615,2.470888200277572,3285,5
gpu-worker,-24.7619777192902,2.9918461315835914,3285,5
gpu-worker,182.5517553231613,1.775685285797409,3285,5
gpu-worker,43.68475199052287,2.155062707405748,3285,5
gpu-worker,63.547754282543906,3.447127846771284,3285,5
gpu-worker,65.19897842481485,2.824830077156949,3285,5
gpu-worker,91.3882256462428,2.0043433032602103,3285,5
gpu-worker,102.80128346800764,1.4663436163876162,3285,5
gpu-worker,141.6848342440709,1.6510168676196235,3285,5
gpu-worker,220.2454992236797,3.0232383554435858,3285,5
gpu-worker,43.48174382238457,1.1842765230796624,3285,5
gpu-worker,31.00957462329012,2.4057545064971015,3285,5
gpu-worker,103.3073532972726,2.1811889830766766,3285,5
gpu-worker,35.179811562089995,2.8507127637506633,3285,5
gpu-worker,171.8888570366965,4.03999261668119,3285,5
gpu-worker,84.82442135823247,3.2355256632291773,3285,5
gpu-worker,64.02947862319064,3.107946893523685,3285,5
gpu-worker,122.5829219971006,3.302137091213136,3285,5
gpu-worker,81.596493161919,1.5422523734044102,3285,5
gpu-worker,125.74402806521037,2.3686528300346534,3285,5
gpu-worker,80.68003891913902,3.7725746236413062,3285,5
gpu-worker,131.15211870066761,2.7263861286459155,3285,5
gpu-worker,73.94013523737982,1.505431396323573,3285,5
gpu-worker,131.71658797588577,3.7761772066725663,3285,5
gpu-worker,96.05090826531364,1.0434712746983819,3285,5
gpu-worker,165.68520310759476,0.9687892119883021,3285,5
gpu-worker,121.95033529304094,3.730170284579251,3285,5
gpu-worker,58.89730222847281,2.5365742321771907,3285,5
gpu-worker,145.57906761605238,2.799246700067278,3285,5
gpu-worker,143.52309641282062,0.2873581660240021,3285,5
gpu-worker,67.31868031589364,3.9540667100485036,3285,5
gpu-worker,33.44087060323547,1.3471147827750896,3285,5
gpu-worker,137.78265738421703,2.5052538246081673,3285,5
gpu-worker,142.20537074129297,1.8312915439786122,3285,5
gpu-worker,233.01179444034065,1.7738366377682977,3285,5
gpu-worker,-28.63390145096696,1.1504287005356437,3285,5
gpu-worker,118.51915830460945,1.0637621450132704,3285,5
gpu-worker,131.69395671205004,4.2121133972459495,3285,5
gpu-worker,187.106478339847,-0.26825474969895646,3285,5
gpu-worker,92.6597018964089,-0.3474875380295539,3285,5
gpu-worker,88.78775845990208,2.214497032539997,3285,5
gpu-worker,161.51898245503125,1.1101002874181618,3285,5
gpu-worker,114.86272690545461,1.0807021988119818,3285,5
gpu-worker,87.84465669311845,1.033559991721844,3285,5
gpu-worker,210.4718701388181,0.004650282613857248,3285,5
gpu-worker,123.53623239958992,1.805791215891844,3285,5
gpu-worker,191.59384960232262,2.785277210640108,3285,5
gpu-worker,77.24526726351604,1.4377222945770578,3285,5
gpu-worker,156.6497137647957,1.7921419780412413,3285,5
gpu-worker,105.83484818635743,2.433159794993149,3285,5
gpu-worker,161.03078143088112,2.653826224097252,3285,5
gpu-worker,47.2443495066542,2.457591102136588,3285,5
gpu-worker,106.58779177158775,1.8557386478036124,3285,5
gpu-worker,160.0592928421573,3.051783503341662,3285,5
gpu-worker,99.18702585329933,1.2570748552010889,3285,5
gpu-worker,83.20728700307897,-1.225164719382665,3285,5
gpu-worker,121.47773993311597,2.1888076923413755,3285,5
gpu-worker,112.34530348044817,1.30014681241907,3285,5
gpu-worker,125.78693003340265,2.448483652959712,3285,5
gpu-worker,24.223891536065935,2.5064901776125184,3285,5
gpu-worker,124.63227026933339,2.675421565491729,3285,5
gpu-worker,118.36827383929585,3.184822924673454,3285,5
gpu-worker,109.77712178543578,1.2326393263782927,3285,5
gpu-worker,122.086349677756,1.9278938907814784,3285,5
gpu-worker,99.81256035701689,2.8695992228354155,3285,5
gpu-worker,125.81165856420124,1.9024528909210603,3285,5
gpu-worker,145.09263091077742,2.3270209937706143,3285,5
gpu-worker,91.89799723381724,1.5535550742285322,3285,5
gpu-worker,103.6590041367815,2.4587998310303414,3285,5
gpu-worker,61.09793707200561,2.1337157886196296,3285,5
gpu-worker,100.29220073055487,3.6250018767547756,3285,5
gpu-worker,98.53602614777982,1.297718583618548,3285,5
gpu-worker,98.9183277042143,1.0016654756243797,3285,5
gpu-worker,94.74861418456248,3.731555639463128,3285,5
gpu-worker,119.8217710850616,0.6070637364852385,3285,5
gpu-worker,93.04152875450339,1.5354287243870475,3285,5
gpu-worker,78.75339545627571,0.157230500893202,3285,5
gpu-worker,128.97825734200353,0.7330763114298895,3285,5
gpu-worker,139.9850430938436,3.2571582076620773,3285,5
gpu-worker,-21.045286366208586,1.3679988390019429,3285,5
gpu-worker,101.40482021427016,2.4707610297041516,3285,5
gpu-worker,193.54318899676943,2.1395246216826678,3285,5
gpu-worker,76.47401886994676,2.7616806085107064,3285,5
gpu-worker,93.39336548302347,2.942574919531322,3285,5
gpu-worker,97.42448554272632,1.6562125093259816,3285,5
gpu-worker,128.1055271060171,2.728508574095277,3285,5
gpu-worker,246.67931104591145,1.9891181375829754,3285,5
gpu-worker,37.023852614807154,2.1360605615713566,3285,5
gpu-worker,276.8862027348694,2.2427375649197705,3285,5
gpu-worker,249.28850714527212,2.355656102055707,3285,5
gpu-worker,19.21718741069634,2.637008151346592,3285,5
gpu-worker,132.76982703512778,1.6149528013493333,3285,5
gpu-worker,83.3130687483412,4.060449606413741,3285,5
gpu-worker,36.13429171970071,5.105867539474928,3285,5
gpu-worker,146.12463957931772,1.6401814355214168,3285,5
gpu-worker,82.95260342901385,0.287605762336552,3285,5
gpu-worker,141.6082260409498,1.3309544000763223,3285,5
gpu-worker,136.2944231586529,2.1073239227975256,3285,5
gpu-worker,90.71389546547624,3.2884227090769254,3285,5
